"","Household race","n","n_se"
"1","AIAN",1010778.54037126,56029.8521869034
"2","Asian",5211900.97685015,112768.874417409
"3","Black",15465632.7468122,212298.66506495
"4","NHPI",310488.86091887,30018.7394347582
"5","White",91691321.1757119,404289.676958133
"6","HH AIAN",1483323.90883239,68655.9482548517
"7","HH Asian",5891461.88025427,120877.429355472
"8","HH Black",16551701.7671534,219830.026764
"9","HH NHPI",435698.62363911,35846.0446870156
"10","HH White",95323650.2656038,407015.438581483
